"call_id","date","employee_name","employee_id","counterparty"
1,"23/01/2023","Oliver",1,"Macquarie"
2,"25/04/2023","Oliver",1,"SMBC"
3,"29/03/2023","Oliver",1,"Nomura"
4,"12/05/2023","Oliver",1,"Morgan Stanley"
5,"05/07/2023","Oliver",1,"BNP Paribas"
6,"08/09/2023","Oliver",1,"Mizuho"
7,"22/07/2023","Oliver",1,"Unicredit"
8,"03/09/2023","Oliver",1,"HSBC"
9,"03/09/2023","Oliver",1,"Bank of America"
10,"27/06/2023","Oliver",1,"HSBC"
11,"08/09/2023","Oliver",1,"HSBC"
12,"17/02/2023","Oliver",1,"State Street"
13,"11/05/2023","Oliver",1,"UBS"
14,"02/02/2023","Oliver",1,"BGC Partners"
15,"11/06/2023","Oliver",1,"Deutsche Bank"
16,"18/11/2023","Oliver",1,"HSBC"
17,"05/03/2023","Oliver",1,"SMBC"
18,"17/06/2023","Oliver",1,"Nomura"
19,"03/10/2023","Oliver",1,"HSBC"
20,"19/03/2023","Oliver",1,"BNP Paribas"
21,"02/06/2023","Oliver",1,"Mizuho"
22,"18/07/2023","Oliver",1,"Unicredit"
23,"05/04/2023","Oliver",1,"HSBC"
24,"08/12/2023","Oliver",1,"HSBC"
25,"09/08/2023","Oliver",1,"ING"
26,"03/07/2023","Oliver",1,"HSBC"
27,"10/06/2023","Oliver",1,"State Street"
28,"18/04/2023","Oliver",1,"UBS"
29,"30/08/2023","Oliver",1,"BGC Partners"
30,"30/06/2023","Oliver",1,"HSBC"
31,"29/10/2023","Oliver",1,"HSBC"
32,"24/01/2023","Oliver",1,"SMBC"
33,"12/11/2023","Oliver",1,"HSBC"
34,"17/08/2023","Oliver",1,"Morgan Stanley"
35,"12/08/2023","Oliver",1,"BNP Paribas"
36,"30/09/2023","Oliver",1,"HSBC"
37,"06/07/2023","Oliver",1,"HSBC"
38,"20/06/2023","Oliver",1,"HSBC"
39,"23/01/2023","Oliver",1,"HSBC"
40,"06/08/2023","Oliver",1,"ING"
41,"28/10/2023","Oliver",1,"CME Group"
42,"16/05/2023","Oliver",1,"State Street"
43,"20/03/2023","Oliver",1,"UBS"
44,"13/06/2023","Oliver",1,"BGC Partners"
45,"25/08/2023","Oliver",1,"Deutsche Bank"
46,"08/03/2023","Oliver",1,"Macquarie"
47,"22/10/2023","Oliver",1,"SMBC"
48,"06/08/2023","Oliver",1,"HSBC"
49,"11/10/2023","Oliver",1,"Morgan Stanley"
50,"28/07/2023","Oliver",1,"BNP Paribas"
51,"28/03/2023","George",2,"Credit Suisse"
52,"30/06/2023","George",2,"BNP Paribas"
53,"24/12/2023","George",2,"UBS"
54,"18/05/2023","George",2,"HSBC"
55,"31/12/2023","George",2,"HSBC"
56,"24/12/2023","George",2,"Nomura"
57,"10/02/2023","George",2,"HSBC"
58,"09/05/2023","George",2,"HSBC"
59,"02/12/2023","George",2,"Virtu Financial"
60,"20/08/2023","George",2,"Societe Generale"
61,"30/11/2023","George",2,"Credit Suisse"
62,"06/08/2023","George",2,"BNP Paribas"
63,"24/11/2023","George",2,"UBS"
64,"07/05/2023","George",2,"HSBC"
65,"10/02/2023","George",2,"Citigroup"
66,"21/09/2023","George",2,"Nomura"
67,"04/07/2023","George",2,"Santander"
68,"20/07/2023","George",2,"HSBC"
69,"21/02/2023","George",2,"Virtu Financial"
70,"13/08/2023","George",2,"Societe Generale"
71,"08/03/2023","George",2,"Credit Suisse"
72,"17/06/2023","George",2,"BNP Paribas"
73,"15/09/2023","George",2,"UBS"
74,"06/03/2023","George",2,"HSBC"
75,"29/01/2023","George",2,"Citigroup"
76,"20/01/2023","George",2,"HSBC"
77,"25/07/2023","George",2,"Santander"
78,"04/05/2023","George",2,"HSBC"
79,"21/03/2023","George",2,"Virtu Financial"
80,"20/09/2023","George",2,"HSBC"
81,"16/08/2023","George",2,"Credit Suisse"
82,"14/02/2023","George",2,"BNP Paribas"
83,"28/11/2023","George",2,"HSBC"
84,"08/10/2023","George",2,"SMBC"
85,"01/04/2023","George",2,"Citigroup"
86,"21/05/2023","George",2,"Nomura"
87,"18/05/2023","George",2,"Santander"
88,"04/04/2023","George",2,"HSBC"
89,"07/05/2023","George",2,"Virtu Financial"
90,"25/09/2023","George",2,"Societe Generale"
91,"08/01/2023","George",2,"Credit Suisse"
92,"23/11/2023","George",2,"BNP Paribas"
93,"28/09/2023","George",2,"UBS"
94,"24/03/2023","George",2,"HSBC"
95,"23/08/2023","George",2,"Citigroup"
96,"16/06/2023","George",2,"HSBC"
97,"12/09/2023","George",2,"Santander"
98,"28/03/2023","George",2,"HSBC"
99,"02/05/2023","George",2,"Virtu Financial"
100,"12/03/2023","George",2,"HSBC"
101,"17/09/2023","Harry",3,"Macquarie"
102,"22/03/2023","Harry",3,"BNP Paribas"
103,"21/09/2023","Harry",3,"Jefferies"
104,"08/03/2023","Harry",3,"HSBC"
105,"30/12/2023","Harry",3,"HSBC"
106,"26/08/2023","Harry",3,"HSBC"
107,"27/09/2023","Harry",3,"Tullett Prebon"
108,"14/05/2023","Harry",3,"HSBC"
109,"17/05/2023","Harry",3,"Societe Generale"
110,"10/06/2023","Harry",3,"BGC Partners"
111,"26/04/2023","Harry",3,"HSBC"
112,"15/02/2023","Harry",3,"JP Morgan"
113,"05/03/2023","Harry",3,"Macquarie"
114,"19/01/2023","Harry",3,"BNP Paribas"
115,"17/08/2023","Harry",3,"HSBC"
116,"08/04/2023","Harry",3,"Credit Suisse"
117,"09/05/2023","Harry",3,"HSBC"
118,"08/08/2023","Harry",3,"ICAP"
119,"29/06/2023","Harry",3,"HSBC"
120,"10/08/2023","Harry",3,"BNY Mellon"
121,"20/11/2023","Harry",3,"Societe Generale"
122,"31/03/2023","Harry",3,"HSBC"
123,"02/05/2023","Harry",3,"Barclays"
124,"27/11/2023","Harry",3,"JP Morgan"
125,"02/10/2023","Harry",3,"Macquarie"
126,"18/10/2023","Harry",3,"BNP Paribas"
127,"19/08/2023","Harry",3,"Jefferies"
128,"16/07/2023","Harry",3,"Credit Suisse"
129,"13/11/2023","Harry",3,"HSBC"
130,"18/06/2023","Harry",3,"HSBC"
131,"05/08/2023","Harry",3,"Tullett Prebon"
132,"18/02/2023","Harry",3,"BNY Mellon"
133,"07/12/2023","Harry",3,"Societe Generale"
134,"10/03/2023","Harry",3,"HSBC"
135,"16/11/2023","Harry",3,"Barclays"
136,"17/03/2023","Harry",3,"JP Morgan"
137,"02/01/2023","Harry",3,"Macquarie"
138,"01/10/2023","Harry",3,"BNP Paribas"
139,"17/09/2023","Harry",3,"HSBC"
140,"16/04/2023","Harry",3,"Credit Suisse"
141,"21/04/2023","Harry",3,"HSBC"
142,"09/12/2023","Harry",3,"ICAP"
143,"13/03/2023","Harry",3,"Tullett Prebon"
144,"17/08/2023","Harry",3,"BNY Mellon"
145,"11/01/2023","Harry",3,"Societe Generale"
146,"26/07/2023","Harry",3,"BGC Partners"
147,"01/12/2023","Harry",3,"Barclays"
148,"25/02/2023","Harry",3,"HSBC"
149,"16/04/2023","Harry",3,"Macquarie"
150,"28/09/2023","Harry",3,"BNP Paribas"
151,"26/07/2023","Jack",4,"Bank of America"
152,"30/12/2023","Jack",4,"Deutsche Bank"
153,"30/03/2023","Jack",4,"Wells Fargo"
154,"19/10/2023","Jack",4,"Jefferies"
155,"20/09/2023","Jack",4,"Mizuho"
156,"09/03/2023","Jack",4,"Goldman Sachs"
157,"30/04/2023","Jack",4,"Barclays"
158,"20/08/2023","Jack",4,"Societe Generale"
159,"22/02/2023","Jack",4,"Macquarie"
160,"23/12/2023","Jack",4,"HSBC"
161,"07/10/2023","Jack",4,"Unicredit"
162,"18/08/2023","Jack",4,"RBC Capital Markets"
163,"20/11/2023","Jack",4,"HSBC"
164,"19/11/2023","Jack",4,"Bank of America"
165,"11/01/2023","Jack",4,"HSBC"
166,"15/03/2023","Jack",4,"Wells Fargo"
167,"13/09/2023","Jack",4,"Jefferies"
168,"15/12/2023","Jack",4,"Mizuho"
169,"29/03/2023","Jack",4,"Goldman Sachs"
170,"11/12/2023","Jack",4,"HSBC"
171,"11/01/2023","Jack",4,"Societe Generale"
172,"15/03/2023","Jack",4,"Macquarie"
173,"31/08/2023","Jack",4,"UBS"
174,"07/07/2023","Jack",4,"Unicredit"
175,"14/10/2023","Jack",4,"HSBC"
176,"26/11/2023","Jack",4,"State Street"
177,"22/06/2023","Jack",4,"HSBC"
178,"11/11/2023","Jack",4,"HSBC"
179,"07/10/2023","Jack",4,"Wells Fargo"
180,"18/10/2023","Jack",4,"HSBC"
181,"30/08/2023","Jack",4,"Mizuho"
182,"23/09/2023","Jack",4,"Goldman Sachs"
183,"05/03/2023","Jack",4,"Barclays"
184,"24/11/2023","Jack",4,"Societe Generale"
185,"21/06/2023","Jack",4,"HSBC"
186,"25/10/2023","Jack",4,"UBS"
187,"09/06/2023","Jack",4,"Unicredit"
188,"16/06/2023","Jack",4,"HSBC"
189,"15/06/2023","Jack",4,"HSBC"
190,"17/01/2023","Jack",4,"Bank of America"
191,"17/08/2023","Jack",4,"Deutsche Bank"
192,"31/12/2023","Jack",4,"Wells Fargo"
193,"20/03/2023","Jack",4,"Jefferies"
194,"15/08/2023","Jack",4,"Mizuho"
195,"18/11/2023","Jack",4,"Goldman Sachs"
196,"22/11/2023","Jack",4,"Barclays"
197,"20/04/2023","Jack",4,"Societe Generale"
198,"11/11/2023","Jack",4,"Macquarie"
199,"31/08/2023","Jack",4,"UBS"
200,"22/09/2023","Jack",4,"Unicredit"
201,"23/01/2023","Jacob",5,"Deutsche Bank"
202,"08/10/2023","Jacob",5,"Unicredit"
203,"22/04/2023","Jacob",5,"Tullett Prebon"
204,"03/04/2023","Jacob",5,"HSBC"
205,"04/10/2023","Jacob",5,"HSBC"
206,"29/04/2023","Jacob",5,"Santander"
207,"17/02/2023","Jacob",5,"CME Group"
208,"05/09/2023","Jacob",5,"Mizuho"
209,"15/04/2023","Jacob",5,"HSBC"
210,"20/06/2023","Jacob",5,"HSBC"
211,"03/07/2023","Jacob",5,"Citigroup"
212,"04/01/2023","Jacob",5,"Deutsche Bank"
213,"23/11/2023","Jacob",5,"Unicredit"
214,"08/11/2023","Jacob",5,"Tullett Prebon"
215,"19/02/2023","Jacob",5,"Credit Suisse"
216,"19/05/2023","Jacob",5,"RBC Capital Markets"
217,"03/09/2023","Jacob",5,"HSBC"
218,"27/11/2023","Jacob",5,"HSBC"
219,"12/11/2023","Jacob",5,"HSBC"
220,"07/09/2023","Jacob",5,"TP ICAP"
221,"18/08/2023","Jacob",5,"JP Morgan"
222,"26/03/2023","Jacob",5,"HSBC"
223,"26/11/2023","Jacob",5,"Deutsche Bank"
224,"01/05/2023","Jacob",5,"Unicredit"
225,"24/04/2023","Jacob",5,"HSBC"
226,"14/07/2023","Jacob",5,"HSBC"
227,"09/04/2023","Jacob",5,"RBC Capital Markets"
228,"08/04/2023","Jacob",5,"Santander"
229,"27/02/2023","Jacob",5,"CME Group"
230,"13/01/2023","Jacob",5,"Mizuho"
231,"08/01/2023","Jacob",5,"TP ICAP"
232,"15/09/2023","Jacob",5,"JP Morgan"
233,"03/05/2023","Jacob",5,"Citigroup"
234,"19/09/2023","Jacob",5,"HSBC"
235,"28/03/2023","Jacob",5,"Unicredit"
236,"17/01/2023","Jacob",5,"Tullett Prebon"
237,"25/07/2023","Jacob",5,"HSBC"
238,"18/07/2023","Jacob",5,"HSBC"
239,"18/03/2023","Jacob",5,"Santander"
240,"24/11/2023","Jacob",5,"HSBC"
241,"24/12/2023","Jacob",5,"HSBC"
242,"22/08/2023","Jacob",5,"TP ICAP"
243,"17/01/2023","Jacob",5,"HSBC"
244,"23/11/2023","Jacob",5,"HSBC"
245,"24/02/2023","Jacob",5,"Deutsche Bank"
246,"19/01/2023","Jacob",5,"Unicredit"
247,"29/08/2023","Jacob",5,"Tullett Prebon"
248,"28/09/2023","Jacob",5,"Credit Suisse"
249,"06/08/2023","Jacob",5,"RBC Capital Markets"
250,"04/06/2023","Jacob",5,"Santander"
251,"28/07/2023","Noah",6,"Bank of America"
252,"02/02/2023","Noah",6,"Unicredit"
253,"02/11/2023","Noah",6,"SMBC"
254,"01/10/2023","Noah",6,"TP ICAP"
255,"28/05/2023","Noah",6,"ING"
256,"13/12/2023","Noah",6,"Tullett Prebon"
257,"25/10/2023","Noah",6,"Nomura"
258,"15/03/2023","Noah",6,"HSBC"
259,"22/02/2023","Noah",6,"HSBC"
260,"15/11/2023","Noah",6,"Deutsche Bank"
261,"25/11/2023","Noah",6,"HSBC"
262,"08/06/2023","Noah",6,"HSBC"
263,"05/12/2023","Noah",6,"State Street"
264,"24/02/2023","Noah",6,"Bank of America"
265,"04/09/2023","Noah",6,"Unicredit"
266,"18/01/2023","Noah",6,"SMBC"
267,"30/12/2023","Noah",6,"HSBC"
268,"13/02/2023","Noah",6,"ING"
269,"14/12/2023","Noah",6,"Tullett Prebon"
270,"21/01/2023","Noah",6,"HSBC"
271,"29/01/2023","Noah",6,"BNY Mellon"
272,"25/03/2023","Noah",6,"Morgan Stanley"
273,"23/01/2023","Noah",6,"Deutsche Bank"
274,"11/02/2023","Noah",6,"RBC Capital Markets"
275,"16/07/2023","Noah",6,"Wells Fargo"
276,"13/07/2023","Noah",6,"State Street"
277,"23/03/2023","Noah",6,"HSBC"
278,"14/11/2023","Noah",6,"HSBC"
279,"05/03/2023","Noah",6,"HSBC"
280,"18/03/2023","Noah",6,"HSBC"
281,"17/04/2023","Noah",6,"ING"
282,"28/06/2023","Noah",6,"HSBC"
283,"26/05/2023","Noah",6,"Nomura"
284,"23/09/2023","Noah",6,"BNY Mellon"
285,"20/07/2023","Noah",6,"Morgan Stanley"
286,"21/12/2023","Noah",6,"Deutsche Bank"
287,"05/12/2023","Noah",6,"HSBC"
288,"19/07/2023","Noah",6,"Wells Fargo"
289,"25/08/2023","Noah",6,"HSBC"
290,"15/09/2023","Noah",6,"Bank of America"
291,"11/09/2023","Noah",6,"HSBC"
292,"22/04/2023","Noah",6,"HSBC"
293,"05/01/2023","Noah",6,"TP ICAP"
294,"10/04/2023","Noah",6,"ING"
295,"23/05/2023","Noah",6,"Tullett Prebon"
296,"22/08/2023","Noah",6,"Nomura"
297,"13/04/2023","Noah",6,"HSBC"
298,"27/02/2023","Noah",6,"Morgan Stanley"
299,"17/10/2023","Noah",6,"HSBC"
300,"14/10/2023","Noah",6,"RBC Capital Markets"
301,"18/01/2023","Charlie",7,"HSBC"
302,"29/10/2023","Charlie",7,"Nomura"
303,"22/09/2023","Charlie",7,"HSBC"
304,"20/03/2023","Charlie",7,"HSBC"
305,"15/05/2023","Charlie",7,"BNY Mellon"
306,"17/11/2023","Charlie",7,"HSBC"
307,"09/01/2023","Charlie",7,"Macquarie"
308,"21/12/2023","Charlie",7,"Societe Generale"
309,"08/10/2023","Charlie",7,"HSBC"
310,"10/05/2023","Charlie",7,"Deutsche Bank"
311,"15/07/2023","Charlie",7,"HSBC"
312,"09/02/2023","Charlie",7,"BNP Paribas"
313,"28/05/2023","Charlie",7,"Mizuho"
314,"19/05/2023","Charlie",7,"ING"
315,"18/01/2023","Charlie",7,"HSBC"
316,"14/12/2023","Charlie",7,"Nomura"
317,"08/03/2023","Charlie",7,"HSBC"
318,"08/08/2023","Charlie",7,"Virtu Financial"
319,"03/04/2023","Charlie",7,"BNY Mellon"
320,"08/02/2023","Charlie",7,"Unicredit"
321,"31/05/2023","Charlie",7,"Macquarie"
322,"20/03/2023","Charlie",7,"Societe Generale"
323,"10/12/2023","Charlie",7,"HSBC"
324,"17/06/2023","Charlie",7,"Deutsche Bank"
325,"10/06/2023","Charlie",7,"SMBC"
326,"29/01/2023","Charlie",7,"HSBC"
327,"01/05/2023","Charlie",7,"Mizuho"
328,"29/08/2023","Charlie",7,"ING"
329,"02/06/2023","Charlie",7,"Morgan Stanley"
330,"11/02/2023","Charlie",7,"HSBC"
331,"13/02/2023","Charlie",7,"HSBC"
332,"12/08/2023","Charlie",7,"Virtu Financial"
333,"08/01/2023","Charlie",7,"BNY Mellon"
334,"08/02/2023","Charlie",7,"Unicredit"
335,"18/12/2023","Charlie",7,"Macquarie"
336,"17/11/2023","Charlie",7,"Societe Generale"
337,"16/12/2023","Charlie",7,"HSBC"
338,"10/11/2023","Charlie",7,"HSBC"
339,"05/08/2023","Charlie",7,"SMBC"
340,"03/07/2023","Charlie",7,"BNP Paribas"
341,"20/06/2023","Charlie",7,"Mizuho"
342,"25/02/2023","Charlie",7,"ING"
343,"05/10/2023","Charlie",7,"HSBC"
344,"09/04/2023","Charlie",7,"Nomura"
345,"22/05/2023","Charlie",7,"Credit Suisse"
346,"17/08/2023","Charlie",7,"HSBC"
347,"05/03/2023","Charlie",7,"HSBC"
348,"30/08/2023","Charlie",7,"HSBC"
349,"07/10/2023","Charlie",7,"HSBC"
350,"10/08/2023","Charlie",7,"Societe Generale"
351,"08/01/2023","Muhammad",8,"JP Morgan"
352,"28/05/2023","Muhammad",8,"HSBC"
353,"15/03/2023","Muhammad",8,"Unicredit"
354,"27/03/2023","Muhammad",8,"Wells Fargo"
355,"17/01/2023","Muhammad",8,"ING"
356,"17/05/2023","Muhammad",8,"Nomura"
357,"12/06/2023","Muhammad",8,"HSBC"
358,"04/07/2023","Muhammad",8,"HSBC"
359,"24/05/2023","Muhammad",8,"CME Group"
360,"04/11/2023","Muhammad",8,"Morgan Stanley"
361,"21/12/2023","Muhammad",8,"Deutsche Bank"
362,"04/02/2023","Muhammad",8,"BNY Mellon"
363,"26/01/2023","Muhammad",8,"JP Morgan"
364,"26/09/2023","Muhammad",8,"HSBC"
365,"05/02/2023","Muhammad",8,"Unicredit"
366,"24/06/2023","Muhammad",8,"Wells Fargo"
367,"28/01/2023","Muhammad",8,"ING"
368,"06/06/2023","Muhammad",8,"Nomura"
369,"27/10/2023","Muhammad",8,"Santander"
370,"06/11/2023","Muhammad",8,"TP ICAP"
371,"02/06/2023","Muhammad",8,"HSBC"
372,"12/10/2023","Muhammad",8,"Morgan Stanley"
373,"28/05/2023","Muhammad",8,"HSBC"
374,"03/04/2023","Muhammad",8,"HSBC"
375,"26/09/2023","Muhammad",8,"JP Morgan"
376,"24/07/2023","Muhammad",8,"BNP Paribas"
377,"12/06/2023","Muhammad",8,"HSBC"
378,"05/01/2023","Muhammad",8,"HSBC"
379,"25/02/2023","Muhammad",8,"ING"
380,"18/03/2023","Muhammad",8,"Nomura"
381,"14/12/2023","Muhammad",8,"Santander"
382,"21/06/2023","Muhammad",8,"TP ICAP"
383,"13/03/2023","Muhammad",8,"CME Group"
384,"06/05/2023","Muhammad",8,"HSBC"
385,"01/06/2023","Muhammad",8,"Deutsche Bank"
386,"27/07/2023","Muhammad",8,"HSBC"
387,"16/03/2023","Muhammad",8,"JP Morgan"
388,"28/03/2023","Muhammad",8,"HSBC"
389,"04/04/2023","Muhammad",8,"HSBC"
390,"31/10/2023","Muhammad",8,"HSBC"
391,"28/09/2023","Muhammad",8,"HSBC"
392,"17/11/2023","Muhammad",8,"HSBC"
393,"01/07/2023","Muhammad",8,"HSBC"
394,"23/09/2023","Muhammad",8,"TP ICAP"
395,"27/03/2023","Muhammad",8,"HSBC"
396,"11/02/2023","Muhammad",8,"HSBC"
397,"10/04/2023","Muhammad",8,"HSBC"
398,"25/01/2023","Muhammad",8,"BNY Mellon"
399,"04/04/2023","Muhammad",8,"HSBC"
400,"29/06/2023","Muhammad",8,"BNP Paribas"
401,"20/10/2023","Thomas",9,"HSBC"
402,"27/01/2023","Thomas",9,"HSBC"
403,"20/07/2023","Thomas",9,"HSBC"
404,"30/07/2023","Thomas",9,"HSBC"
405,"04/02/2023","Thomas",9,"Macquarie"
406,"10/07/2023","Thomas",9,"State Street"
407,"09/12/2023","Thomas",9,"Virtu Financial"
408,"17/03/2023","Thomas",9,"Macquarie"
409,"26/07/2023","Thomas",9,"HSBC"
410,"18/10/2023","Thomas",9,"Virtu Financial"
411,"06/06/2023","Thomas",9,"Macquarie"
412,"23/11/2023","Thomas",9,"HSBC"
413,"03/02/2023","Thomas",9,"HSBC"
414,"20/07/2023","Thomas",9,"Macquarie"
415,"30/10/2023","Thomas",9,"HSBC"
416,"09/05/2023","Thomas",9,"Virtu Financial"
417,"23/09/2023","Thomas",9,"HSBC"
418,"18/06/2023","Thomas",9,"HSBC"
419,"08/02/2023","Thomas",9,"Virtu Financial"
420,"30/08/2023","Thomas",9,"HSBC"
421,"30/12/2023","Thomas",9,"HSBC"
422,"03/08/2023","Thomas",9,"HSBC"
423,"13/04/2023","Thomas",9,"Macquarie"
424,"21/03/2023","Thomas",9,"HSBC"
425,"12/12/2023","Thomas",9,"Virtu Financial"
426,"02/01/2023","Thomas",9,"Macquarie"
427,"11/06/2023","Thomas",9,"State Street"
428,"19/03/2023","Thomas",9,"Virtu Financial"
429,"07/06/2023","Thomas",9,"Macquarie"
430,"05/06/2023","Thomas",9,"State Street"
431,"03/08/2023","Thomas",9,"Virtu Financial"
432,"05/07/2023","Thomas",9,"Macquarie"
433,"13/10/2023","Thomas",9,"State Street"
434,"05/08/2023","Thomas",9,"Virtu Financial"
435,"22/11/2023","Thomas",9,"Macquarie"
436,"14/07/2023","Thomas",9,"State Street"
437,"06/07/2023","Thomas",9,"HSBC"
438,"25/04/2023","Thomas",9,"Macquarie"
439,"26/08/2023","Thomas",9,"State Street"
440,"17/02/2023","Thomas",9,"Virtu Financial"
441,"18/05/2023","Thomas",9,"Macquarie"
442,"28/01/2023","Thomas",9,"State Street"
443,"23/07/2023","Thomas",9,"Virtu Financial"
444,"30/08/2023","Thomas",9,"Macquarie"
445,"19/11/2023","Thomas",9,"HSBC"
446,"13/02/2023","Thomas",9,"Virtu Financial"
447,"10/06/2023","Thomas",9,"HSBC"
448,"13/06/2023","Thomas",9,"State Street"
449,"25/04/2023","Thomas",9,"Virtu Financial"
450,"01/12/2023","Thomas",9,"HSBC"
451,"18/03/2023","Oscar",10,"BNY Mellon"
452,"23/06/2023","Oscar",10,"HSBC"
453,"04/04/2023","Oscar",10,"BNY Mellon"
454,"29/04/2023","Oscar",10,"BNY Mellon"
455,"26/05/2023","Oscar",10,"BNY Mellon"
456,"30/12/2023","Oscar",10,"BNY Mellon"
457,"13/04/2023","Oscar",10,"HSBC"
458,"09/10/2023","Oscar",10,"BNY Mellon"
459,"19/10/2023","Oscar",10,"BNY Mellon"
460,"25/02/2023","Oscar",10,"BNY Mellon"
461,"09/11/2023","Oscar",10,"HSBC"
462,"03/01/2023","Oscar",10,"BNY Mellon"
463,"05/08/2023","Oscar",10,"HSBC"
464,"11/01/2023","Oscar",10,"HSBC"
465,"20/02/2023","Oscar",10,"HSBC"
466,"29/09/2023","Oscar",10,"HSBC"
467,"11/01/2023","Oscar",10,"BNY Mellon"
468,"18/08/2023","Oscar",10,"HSBC"
469,"18/12/2023","Oscar",10,"BNY Mellon"
470,"11/08/2023","Oscar",10,"BNY Mellon"
471,"11/04/2023","Oscar",10,"BNY Mellon"
472,"25/05/2023","Oscar",10,"BNY Mellon"
473,"13/05/2023","Oscar",10,"BNY Mellon"
474,"25/04/2023","Oscar",10,"BNY Mellon"
475,"01/12/2023","Oscar",10,"HSBC"
476,"31/08/2023","Oscar",10,"BNY Mellon"
477,"06/04/2023","Oscar",10,"BNY Mellon"
478,"14/11/2023","Oscar",10,"BNY Mellon"
479,"01/04/2023","Oscar",10,"HSBC"
480,"30/03/2023","Oscar",10,"BNY Mellon"
481,"23/05/2023","Oscar",10,"BNY Mellon"
482,"03/05/2023","Oscar",10,"BNY Mellon"
483,"18/10/2023","Oscar",10,"HSBC"
484,"30/01/2023","Oscar",10,"BNY Mellon"
485,"11/06/2023","Oscar",10,"BNY Mellon"
486,"10/03/2023","Oscar",10,"BNY Mellon"
487,"10/05/2023","Oscar",10,"BNY Mellon"
488,"27/07/2023","Oscar",10,"BNY Mellon"
489,"23/01/2023","Oscar",10,"BNY Mellon"
490,"04/08/2023","Oscar",10,"HSBC"
491,"04/10/2023","Oscar",10,"BNY Mellon"
492,"02/10/2023","Oscar",10,"BNY Mellon"
493,"30/07/2023","Oscar",10,"BNY Mellon"
494,"30/07/2023","Oscar",10,"HSBC"
495,"16/07/2023","Oscar",10,"BNY Mellon"
496,"22/06/2023","Oscar",10,"BNY Mellon"
497,"27/07/2023","Oscar",10,"BNY Mellon"
498,"26/12/2023","Oscar",10,"HSBC"
499,"01/02/2023","Oscar",10,"BNY Mellon"
500,"17/02/2023","Oscar",10,"BNY Mellon"
501,"28/09/2023","William",11,"Credit Suisse"
502,"03/06/2023","William",11,"Tullett Prebon"
503,"04/02/2023","William",11,"Macquarie"
504,"24/02/2023","William",11,"BNY Mellon"
505,"01/06/2023","William",11,"ICAP"
506,"17/01/2023","William",11,"Barclays"
507,"23/11/2023","William",11,"Nomura"
508,"29/11/2023","William",11,"HSBC"
509,"05/07/2023","William",11,"HSBC"
510,"26/09/2023","William",11,"Bank of America"
511,"20/11/2023","William",11,"TP ICAP"
512,"07/05/2023","William",11,"Credit Suisse"
513,"25/01/2023","William",11,"Tullett Prebon"
514,"29/01/2023","William",11,"Macquarie"
515,"30/06/2023","William",11,"BNY Mellon"
516,"16/01/2023","William",11,"HSBC"
517,"18/06/2023","William",11,"Barclays"
518,"28/08/2023","William",11,"Nomura"
519,"09/01/2023","William",11,"HSBC"
520,"20/10/2023","William",11,"BNP Paribas"
521,"06/11/2023","William",11,"Bank of America"
522,"02/08/2023","William",11,"HSBC"
523,"26/08/2023","William",11,"Credit Suisse"
524,"24/08/2023","William",11,"HSBC"
525,"24/01/2023","William",11,"Macquarie"
526,"27/09/2023","William",11,"BNY Mellon"
527,"07/06/2023","William",11,"ICAP"
528,"19/04/2023","William",11,"Barclays"
529,"09/07/2023","William",11,"Nomura"
530,"26/04/2023","William",11,"Virtu Financial"
531,"23/10/2023","William",11,"BNP Paribas"
532,"11/08/2023","William",11,"Bank of America"
533,"16/06/2023","William",11,"TP ICAP"
534,"17/08/2023","William",11,"Credit Suisse"
535,"13/03/2023","William",11,"Tullett Prebon"
536,"27/08/2023","William",11,"Macquarie"
537,"27/09/2023","William",11,"HSBC"
538,"17/11/2023","William",11,"HSBC"
539,"31/05/2023","William",11,"HSBC"
540,"26/01/2023","William",11,"Nomura"
541,"15/02/2023","William",11,"HSBC"
542,"23/01/2023","William",11,"BNP Paribas"
543,"11/08/2023","William",11,"Bank of America"
544,"10/07/2023","William",11,"TP ICAP"
545,"03/12/2023","William",11,"Credit Suisse"
546,"13/09/2023","William",11,"Tullett Prebon"
547,"08/02/2023","William",11,"Macquarie"
548,"23/11/2023","William",11,"HSBC"
549,"14/02/2023","William",11,"HSBC"
550,"30/10/2023","William",11,"Barclays"
551,"28/11/2023","James",12,"Societe Generale"
552,"06/04/2023","James",12,"BNY Mellon"
553,"23/06/2023","James",12,"HSBC"
554,"12/11/2023","James",12,"Citigroup"
555,"24/03/2023","James",12,"Wells Fargo"
556,"11/12/2023","James",12,"Nomura"
557,"17/05/2023","James",12,"HSBC"
558,"19/04/2023","James",12,"Credit Suisse"
559,"08/06/2023","James",12,"HSBC"
560,"15/06/2023","James",12,"HSBC"
561,"16/10/2023","James",12,"HSBC"
562,"02/12/2023","James",12,"HSBC"
563,"12/11/2023","James",12,"Wells Fargo"
564,"13/03/2023","James",12,"HSBC"
565,"13/05/2023","James",12,"SMBC"
566,"15/11/2023","James",12,"HSBC"
567,"21/07/2023","James",12,"Societe Generale"
568,"14/12/2023","James",12,"BNY Mellon"
569,"06/02/2023","James",12,"HSBC"
570,"24/03/2023","James",12,"Citigroup"
571,"24/05/2023","James",12,"Wells Fargo"
572,"06/01/2023","James",12,"Nomura"
573,"09/09/2023","James",12,"SMBC"
574,"29/06/2023","James",12,"Credit Suisse"
575,"19/07/2023","James",12,"Societe Generale"
576,"30/03/2023","James",12,"BNY Mellon"
577,"05/04/2023","James",12,"HSBC"
578,"29/10/2023","James",12,"HSBC"
579,"11/12/2023","James",12,"HSBC"
580,"21/09/2023","James",12,"Nomura"
581,"20/06/2023","James",12,"SMBC"
582,"01/09/2023","James",12,"Credit Suisse"
583,"07/10/2023","James",12,"Societe Generale"
584,"05/01/2023","James",12,"BNY Mellon"
585,"22/05/2023","James",12,"HSBC"
586,"23/12/2023","James",12,"Citigroup"
587,"21/12/2023","James",12,"Wells Fargo"
588,"04/01/2023","James",12,"HSBC"
589,"04/02/2023","James",12,"SMBC"
590,"26/08/2023","James",12,"Credit Suisse"
591,"29/07/2023","James",12,"Societe Generale"
592,"23/09/2023","James",12,"BNY Mellon"
593,"12/01/2023","James",12,"HSBC"
594,"08/05/2023","James",12,"Citigroup"
595,"16/09/2023","James",12,"Wells Fargo"
596,"09/10/2023","James",12,"Nomura"
597,"23/07/2023","James",12,"HSBC"
598,"17/08/2023","James",12,"Credit Suisse"
599,"14/02/2023","James",12,"Societe Generale"
600,"21/09/2023","James",12,"BNY Mellon"
601,"05/12/2023","Henry",13,"ICAP"
602,"24/12/2023","Henry",13,"UBS"
603,"01/02/2023","Henry",13,"Credit Suisse"
604,"15/09/2023","Henry",13,"JP Morgan"
605,"25/05/2023","Henry",13,"HSBC"
606,"01/11/2023","Henry",13,"Jefferies"
607,"19/07/2023","Henry",13,"ICAP"
608,"03/11/2023","Henry",13,"HSBC"
609,"13/10/2023","Henry",13,"Credit Suisse"
610,"30/07/2023","Henry",13,"JP Morgan"
611,"10/03/2023","Henry",13,"RBC Capital Markets"
612,"15/12/2023","Henry",13,"HSBC"
613,"15/02/2023","Henry",13,"ICAP"
614,"12/01/2023","Henry",13,"UBS"
615,"08/11/2023","Henry",13,"HSBC"
616,"01/01/2023","Henry",13,"JP Morgan"
617,"16/12/2023","Henry",13,"HSBC"
618,"06/05/2023","Henry",13,"HSBC"
619,"21/02/2023","Henry",13,"HSBC"
620,"07/01/2023","Henry",13,"UBS"
621,"16/07/2023","Henry",13,"Credit Suisse"
622,"19/10/2023","Henry",13,"HSBC"
623,"13/09/2023","Henry",13,"RBC Capital Markets"
624,"12/09/2023","Henry",13,"Jefferies"
625,"18/02/2023","Henry",13,"HSBC"
626,"10/03/2023","Henry",13,"HSBC"
627,"16/06/2023","Henry",13,"HSBC"
628,"28/11/2023","Henry",13,"JP Morgan"
629,"09/07/2023","Henry",13,"RBC Capital Markets"
630,"09/08/2023","Henry",13,"Jefferies"
631,"12/07/2023","Henry",13,"ICAP"
632,"30/10/2023","Henry",13,"HSBC"
633,"22/05/2023","Henry",13,"Credit Suisse"
634,"12/03/2023","Henry",13,"JP Morgan"
635,"10/07/2023","Henry",13,"RBC Capital Markets"
636,"11/06/2023","Henry",13,"Jefferies"
637,"26/07/2023","Henry",13,"HSBC"
638,"10/09/2023","Henry",13,"UBS"
639,"20/04/2023","Henry",13,"Credit Suisse"
640,"13/09/2023","Henry",13,"JP Morgan"
641,"01/10/2023","Henry",13,"RBC Capital Markets"
642,"19/11/2023","Henry",13,"Jefferies"
643,"29/12/2023","Henry",13,"ICAP"
644,"21/02/2023","Henry",13,"UBS"
645,"10/07/2023","Henry",13,"Credit Suisse"
646,"14/06/2023","Henry",13,"HSBC"
647,"18/01/2023","Henry",13,"RBC Capital Markets"
648,"18/06/2023","Henry",13,"HSBC"
649,"17/11/2023","Henry",13,"HSBC"
650,"22/10/2023","Henry",13,"UBS"
651,"28/09/2023","Leo",14,"State Street"
652,"26/06/2023","Leo",14,"ING"
653,"19/12/2023","Leo",14,"Macquarie"
654,"24/12/2023","Leo",14,"State Street"
655,"12/11/2023","Leo",14,"ING"
656,"12/12/2023","Leo",14,"Macquarie"
657,"18/01/2023","Leo",14,"HSBC"
658,"04/02/2023","Leo",14,"HSBC"
659,"17/07/2023","Leo",14,"Macquarie"
660,"23/02/2023","Leo",14,"HSBC"
661,"20/06/2023","Leo",14,"ING"
662,"09/09/2023","Leo",14,"Macquarie"
663,"14/03/2023","Leo",14,"State Street"
664,"05/10/2023","Leo",14,"ING"
665,"20/01/2023","Leo",14,"HSBC"
666,"24/06/2023","Leo",14,"HSBC"
667,"24/04/2023","Leo",14,"HSBC"
668,"18/06/2023","Leo",14,"Macquarie"
669,"29/01/2023","Leo",14,"State Street"
670,"24/09/2023","Leo",14,"HSBC"
671,"20/01/2023","Leo",14,"HSBC"
672,"24/08/2023","Leo",14,"State Street"
673,"28/06/2023","Leo",14,"HSBC"
674,"11/12/2023","Leo",14,"Macquarie"
675,"26/09/2023","Leo",14,"State Street"
676,"17/03/2023","Leo",14,"ING"
677,"19/11/2023","Leo",14,"Macquarie"
678,"02/04/2023","Leo",14,"State Street"
679,"24/09/2023","Leo",14,"HSBC"
680,"19/01/2023","Leo",14,"Macquarie"
681,"11/01/2023","Leo",14,"State Street"
682,"04/03/2023","Leo",14,"HSBC"
683,"22/12/2023","Leo",14,"Macquarie"
684,"04/06/2023","Leo",14,"HSBC"
685,"15/09/2023","Leo",14,"ING"
686,"09/09/2023","Leo",14,"HSBC"
687,"19/08/2023","Leo",14,"State Street"
688,"16/08/2023","Leo",14,"HSBC"
689,"07/11/2023","Leo",14,"Macquarie"
690,"17/02/2023","Leo",14,"State Street"
691,"12/09/2023","Leo",14,"ING"
692,"05/06/2023","Leo",14,"Macquarie"
693,"12/10/2023","Leo",14,"State Street"
694,"15/07/2023","Leo",14,"ING"
695,"18/06/2023","Leo",14,"Macquarie"
696,"22/04/2023","Leo",14,"HSBC"
697,"05/04/2023","Leo",14,"ING"
698,"08/09/2023","Leo",14,"HSBC"
699,"17/04/2023","Leo",14,"State Street"
700,"17/05/2023","Leo",14,"ING"
701,"05/12/2023","Alfie",15,"Citigroup"
702,"05/06/2023","Alfie",15,"Goldman Sachs"
703,"28/09/2023","Alfie",15,"HSBC"
704,"01/03/2023","Alfie",15,"ING"
705,"22/07/2023","Alfie",15,"HSBC"
706,"09/08/2023","Alfie",15,"RBC Capital Markets"
707,"17/01/2023","Alfie",15,"State Street"
708,"10/02/2023","Alfie",15,"Citigroup"
709,"25/01/2023","Alfie",15,"HSBC"
710,"27/08/2023","Alfie",15,"HSBC"
711,"28/11/2023","Alfie",15,"HSBC"
712,"02/10/2023","Alfie",15,"HSBC"
713,"21/02/2023","Alfie",15,"RBC Capital Markets"
714,"18/07/2023","Alfie",15,"HSBC"
715,"24/09/2023","Alfie",15,"Citigroup"
716,"23/05/2023","Alfie",15,"Goldman Sachs"
717,"20/07/2023","Alfie",15,"Deutsche Bank"
718,"10/12/2023","Alfie",15,"ING"
719,"05/12/2023","Alfie",15,"HSBC"
720,"19/05/2023","Alfie",15,"RBC Capital Markets"
721,"02/02/2023","Alfie",15,"State Street"
722,"15/04/2023","Alfie",15,"Citigroup"
723,"06/10/2023","Alfie",15,"HSBC"
724,"05/09/2023","Alfie",15,"HSBC"
725,"17/01/2023","Alfie",15,"ING"
726,"18/05/2023","Alfie",15,"TP ICAP"
727,"18/01/2023","Alfie",15,"HSBC"
728,"12/04/2023","Alfie",15,"State Street"
729,"11/12/2023","Alfie",15,"Citigroup"
730,"12/03/2023","Alfie",15,"Goldman Sachs"
731,"25/12/2023","Alfie",15,"Deutsche Bank"
732,"21/03/2023","Alfie",15,"ING"
733,"11/05/2023","Alfie",15,"TP ICAP"
734,"15/08/2023","Alfie",15,"HSBC"
735,"21/01/2023","Alfie",15,"State Street"
736,"26/08/2023","Alfie",15,"HSBC"
737,"14/11/2023","Alfie",15,"HSBC"
738,"11/06/2023","Alfie",15,"Deutsche Bank"
739,"28/01/2023","Alfie",15,"ING"
740,"03/06/2023","Alfie",15,"TP ICAP"
741,"09/05/2023","Alfie",15,"RBC Capital Markets"
742,"31/03/2023","Alfie",15,"HSBC"
743,"04/10/2023","Alfie",15,"Citigroup"
744,"24/12/2023","Alfie",15,"HSBC"
745,"01/05/2023","Alfie",15,"Deutsche Bank"
746,"12/06/2023","Alfie",15,"ING"
747,"04/04/2023","Alfie",15,"TP ICAP"
748,"12/01/2023","Alfie",15,"RBC Capital Markets"
749,"06/09/2023","Alfie",15,"State Street"
750,"21/05/2023","Alfie",15,"Citigroup"
751,"02/11/2023","Joshua",16,"HSBC"
752,"02/02/2023","Joshua",16,"RBC Capital Markets"
753,"01/06/2023","Joshua",16,"ING"
754,"09/01/2023","Joshua",16,"Deutsche Bank"
755,"08/06/2023","Joshua",16,"Morgan Stanley"
756,"18/12/2023","Joshua",16,"Citigroup"
757,"13/07/2023","Joshua",16,"HSBC"
758,"14/10/2023","Joshua",16,"RBC Capital Markets"
759,"01/03/2023","Joshua",16,"ING"
760,"01/04/2023","Joshua",16,"HSBC"
761,"09/04/2023","Joshua",16,"Morgan Stanley"
762,"13/08/2023","Joshua",16,"Citigroup"
763,"21/07/2023","Joshua",16,"HSBC"
764,"20/06/2023","Joshua",16,"RBC Capital Markets"
765,"27/05/2023","Joshua",16,"HSBC"
766,"27/08/2023","Joshua",16,"Deutsche Bank"
767,"16/06/2023","Joshua",16,"Morgan Stanley"
768,"06/04/2023","Joshua",16,"Citigroup"
769,"28/08/2023","Joshua",16,"HSBC"
770,"02/11/2023","Joshua",16,"RBC Capital Markets"
771,"12/05/2023","Joshua",16,"ING"
772,"28/06/2023","Joshua",16,"Deutsche Bank"
773,"12/06/2023","Joshua",16,"Morgan Stanley"
774,"17/10/2023","Joshua",16,"Citigroup"
775,"18/03/2023","Joshua",16,"HSBC"
776,"06/11/2023","Joshua",16,"RBC Capital Markets"
777,"18/08/2023","Joshua",16,"ING"
778,"19/11/2023","Joshua",16,"Deutsche Bank"
779,"11/12/2023","Joshua",16,"HSBC"
780,"01/08/2023","Joshua",16,"HSBC"
781,"05/11/2023","Joshua",16,"HSBC"
782,"13/05/2023","Joshua",16,"HSBC"
783,"18/09/2023","Joshua",16,"ING"
784,"16/12/2023","Joshua",16,"Deutsche Bank"
785,"12/03/2023","Joshua",16,"HSBC"
786,"25/05/2023","Joshua",16,"Citigroup"
787,"13/09/2023","Joshua",16,"HSBC"
788,"08/04/2023","Joshua",16,"RBC Capital Markets"
789,"17/01/2023","Joshua",16,"ING"
790,"08/07/2023","Joshua",16,"HSBC"
791,"24/09/2023","Joshua",16,"HSBC"
792,"27/09/2023","Joshua",16,"Citigroup"
793,"26/12/2023","Joshua",16,"HSBC"
794,"10/06/2023","Joshua",16,"HSBC"
795,"11/06/2023","Joshua",16,"HSBC"
796,"18/05/2023","Joshua",16,"HSBC"
797,"14/08/2023","Joshua",16,"HSBC"
798,"07/02/2023","Joshua",16,"Citigroup"
799,"24/07/2023","Joshua",16,"HSBC"
800,"25/09/2023","Joshua",16,"RBC Capital Markets"
801,"18/10/2023","Freddie",17,"Wells Fargo"
802,"14/04/2023","Freddie",17,"Unicredit"
803,"06/07/2023","Freddie",17,"HSBC"
804,"02/02/2023","Freddie",17,"BNP Paribas"
805,"26/08/2023","Freddie",17,"Wells Fargo"
806,"28/04/2023","Freddie",17,"HSBC"
807,"24/09/2023","Freddie",17,"HSBC"
808,"24/11/2023","Freddie",17,"BNP Paribas"
809,"22/03/2023","Freddie",17,"Wells Fargo"
810,"17/09/2023","Freddie",17,"Unicredit"
811,"17/03/2023","Freddie",17,"HSBC"
812,"30/10/2023","Freddie",17,"BNP Paribas"
813,"03/07/2023","Freddie",17,"Wells Fargo"
814,"14/01/2023","Freddie",17,"Unicredit"
815,"20/02/2023","Freddie",17,"Santander"
816,"04/06/2023","Freddie",17,"BNP Paribas"
817,"16/03/2023","Freddie",17,"Wells Fargo"
818,"24/08/2023","Freddie",17,"Unicredit"
819,"02/10/2023","Freddie",17,"HSBC"
820,"04/10/2023","Freddie",17,"BNP Paribas"
821,"18/02/2023","Freddie",17,"HSBC"
822,"19/09/2023","Freddie",17,"Unicredit"
823,"21/11/2023","Freddie",17,"Santander"
824,"29/08/2023","Freddie",17,"BNP Paribas"
825,"04/08/2023","Freddie",17,"Wells Fargo"
826,"11/09/2023","Freddie",17,"Unicredit"
827,"24/05/2023","Freddie",17,"Santander"
828,"29/12/2023","Freddie",17,"BNP Paribas"
829,"17/08/2023","Freddie",17,"Wells Fargo"
830,"30/11/2023","Freddie",17,"HSBC"
831,"07/05/2023","Freddie",17,"HSBC"
832,"09/07/2023","Freddie",17,"BNP Paribas"
833,"10/03/2023","Freddie",17,"Wells Fargo"
834,"30/04/2023","Freddie",17,"Unicredit"
835,"30/01/2023","Freddie",17,"Santander"
836,"14/11/2023","Freddie",17,"BNP Paribas"
837,"26/04/2023","Freddie",17,"Wells Fargo"
838,"09/03/2023","Freddie",17,"Unicredit"
839,"09/03/2023","Freddie",17,"Santander"
840,"06/04/2023","Freddie",17,"BNP Paribas"
841,"02/04/2023","Freddie",17,"Wells Fargo"
842,"29/06/2023","Freddie",17,"Unicredit"
843,"11/03/2023","Freddie",17,"Santander"
844,"25/10/2023","Freddie",17,"HSBC"
845,"03/10/2023","Freddie",17,"Wells Fargo"
846,"08/09/2023","Freddie",17,"Unicredit"
847,"16/03/2023","Freddie",17,"HSBC"
848,"23/10/2023","Freddie",17,"BNP Paribas"
849,"17/08/2023","Freddie",17,"Wells Fargo"
850,"12/08/2023","Freddie",17,"Unicredit"
851,"27/02/2023","Archie",18,"HSBC"
852,"24/03/2023","Archie",18,"HSBC"
853,"26/10/2023","Archie",18,"HSBC"
854,"14/09/2023","Archie",18,"BNY Mellon"
855,"11/06/2023","Archie",18,"Deutsche Bank"
856,"17/03/2023","Archie",18,"Nomura"
857,"08/03/2023","Archie",18,"Societe Generale"
858,"31/10/2023","Archie",18,"Jefferies"
859,"20/01/2023","Archie",18,"JP Morgan"
860,"13/09/2023","Archie",18,"HSBC"
861,"31/03/2023","Archie",18,"HSBC"
862,"12/05/2023","Archie",18,"ING"
863,"04/01/2023","Archie",18,"HSBC"
864,"06/08/2023","Archie",18,"TP ICAP"
865,"05/08/2023","Archie",18,"BNY Mellon"
866,"10/09/2023","Archie",18,"Deutsche Bank"
867,"22/03/2023","Archie",18,"Nomura"
868,"01/08/2023","Archie",18,"HSBC"
869,"05/02/2023","Archie",18,"Jefferies"
870,"25/05/2023","Archie",18,"JP Morgan"
871,"06/09/2023","Archie",18,"HSBC"
872,"28/02/2023","Archie",18,"BGC Partners"
873,"10/03/2023","Archie",18,"HSBC"
874,"09/08/2023","Archie",18,"HSBC"
875,"17/05/2023","Archie",18,"HSBC"
876,"14/10/2023","Archie",18,"BNY Mellon"
877,"17/07/2023","Archie",18,"Deutsche Bank"
878,"24/10/2023","Archie",18,"HSBC"
879,"04/02/2023","Archie",18,"Societe Generale"
880,"14/03/2023","Archie",18,"HSBC"
881,"01/11/2023","Archie",18,"HSBC"
882,"08/09/2023","Archie",18,"HSBC"
883,"23/03/2023","Archie",18,"BGC Partners"
884,"29/11/2023","Archie",18,"ING"
885,"30/12/2023","Archie",18,"HSBC"
886,"24/06/2023","Archie",18,"TP ICAP"
887,"03/04/2023","Archie",18,"BNY Mellon"
888,"22/08/2023","Archie",18,"Deutsche Bank"
889,"05/11/2023","Archie",18,"Nomura"
890,"29/09/2023","Archie",18,"Societe Generale"
891,"23/05/2023","Archie",18,"Jefferies"
892,"13/12/2023","Archie",18,"JP Morgan"
893,"30/05/2023","Archie",18,"HSBC"
894,"16/05/2023","Archie",18,"BGC Partners"
895,"17/11/2023","Archie",18,"ING"
896,"02/08/2023","Archie",18,"HSBC"
897,"17/07/2023","Archie",18,"TP ICAP"
898,"18/09/2023","Archie",18,"HSBC"
899,"09/01/2023","Archie",18,"Deutsche Bank"
900,"14/10/2023","Archie",18,"HSBC"
901,"08/03/2023","Ethan",19,"Barclays"
902,"01/02/2023","Ethan",19,"HSBC"
903,"05/11/2023","Ethan",19,"HSBC"
904,"23/01/2023","Ethan",19,"Wells Fargo"
905,"23/03/2023","Ethan",19,"ICAP"
906,"10/11/2023","Ethan",19,"HSBC"
907,"25/04/2023","Ethan",19,"HSBC"
908,"08/10/2023","Ethan",19,"HSBC"
909,"21/10/2023","Ethan",19,"HSBC"
910,"30/01/2023","Ethan",19,"RBC Capital Markets"
911,"15/06/2023","Ethan",19,"Goldman Sachs"
912,"12/05/2023","Ethan",19,"CME Group"
913,"28/07/2023","Ethan",19,"HSBC"
914,"11/03/2023","Ethan",19,"BNP Paribas"
915,"03/06/2023","Ethan",19,"HSBC"
916,"08/02/2023","Ethan",19,"TP ICAP"
917,"18/12/2023","Ethan",19,"Deutsche Bank"
918,"06/05/2023","Ethan",19,"Wells Fargo"
919,"19/08/2023","Ethan",19,"ICAP"
920,"27/11/2023","Ethan",19,"HSBC"
921,"29/05/2023","Ethan",19,"HSBC"
922,"19/12/2023","Ethan",19,"Nomura"
923,"25/04/2023","Ethan",19,"Societe Generale"
924,"24/11/2023","Ethan",19,"RBC Capital Markets"
925,"17/01/2023","Ethan",19,"Goldman Sachs"
926,"16/12/2023","Ethan",19,"HSBC"
927,"30/11/2023","Ethan",19,"SMBC"
928,"15/05/2023","Ethan",19,"BNP Paribas"
929,"14/07/2023","Ethan",19,"HSBC"
930,"04/08/2023","Ethan",19,"TP ICAP"
931,"26/07/2023","Ethan",19,"Deutsche Bank"
932,"07/10/2023","Ethan",19,"Wells Fargo"
933,"28/03/2023","Ethan",19,"HSBC"
934,"15/02/2023","Ethan",19,"HSBC"
935,"27/01/2023","Ethan",19,"Jefferies"
936,"18/02/2023","Ethan",19,"Nomura"
937,"16/05/2023","Ethan",19,"Societe Generale"
938,"13/08/2023","Ethan",19,"RBC Capital Markets"
939,"08/12/2023","Ethan",19,"Goldman Sachs"
940,"08/04/2023","Ethan",19,"CME Group"
941,"18/03/2023","Ethan",19,"SMBC"
942,"30/07/2023","Ethan",19,"HSBC"
943,"05/04/2023","Ethan",19,"Barclays"
944,"20/01/2023","Ethan",19,"TP ICAP"
945,"06/06/2023","Ethan",19,"Deutsche Bank"
946,"03/07/2023","Ethan",19,"Wells Fargo"
947,"03/09/2023","Ethan",19,"ICAP"
948,"17/05/2023","Ethan",19,"Citigroup"
949,"27/07/2023","Ethan",19,"Jefferies"
950,"01/08/2023","Ethan",19,"Nomura"
951,"13/08/2023","Calum",20,"HSBC"
952,"12/09/2023","Calum",20,"HSBC"
953,"18/02/2023","Calum",20,"HSBC"
954,"11/02/2023","Calum",20,"HSBC"
955,"19/05/2023","Calum",20,"HSBC"
956,"06/03/2023","Calum",20,"HSBC"
957,"20/12/2023","Calum",20,"HSBC"
958,"22/07/2023","Calum",20,"HSBC"
959,"23/04/2023","Calum",20,"HSBC"
960,"14/11/2023","Calum",20,"HSBC"
961,"30/08/2023","Calum",20,"HSBC"
962,"11/08/2023","Calum",20,"HSBC"
963,"14/01/2023","Calum",20,"HSBC"
964,"20/08/2023","Calum",20,"HSBC"
965,"10/12/2023","Calum",20,"HSBC"
966,"06/02/2023","Calum",20,"HSBC"
967,"27/12/2023","Calum",20,"HSBC"
968,"03/04/2023","Calum",20,"HSBC"
969,"18/05/2023","Calum",20,"HSBC"
970,"18/02/2023","Calum",20,"HSBC"
971,"21/02/2023","Calum",20,"HSBC"
972,"30/05/2023","Calum",20,"UBS"
973,"21/06/2023","Calum",20,"HSBC"
974,"12/09/2023","Calum",20,"ICAP"
975,"24/09/2023","Calum",20,"HSBC"
976,"01/10/2023","Calum",20,"Unicredit"
977,"07/05/2023","Calum",20,"HSBC"
978,"20/05/2023","Calum",20,"HSBC"
979,"18/07/2023","Calum",20,"HSBC"
980,"23/06/2023","Calum",20,"Societe Generale"
981,"04/12/2023","Calum",20,"HSBC"
982,"10/07/2023","Calum",20,"HSBC"
983,"01/11/2023","Calum",20,"HSBC"
984,"22/11/2023","Calum",20,"HSBC"
985,"30/01/2023","Calum",20,"HSBC"
986,"17/07/2023","Calum",20,"HSBC"
987,"19/10/2023","Calum",20,"HSBC"
988,"30/06/2023","Calum",20,"HSBC"
989,"06/06/2023","Calum",20,"HSBC"
990,"20/10/2023","Calum",20,"HSBC"
991,"08/07/2023","Calum",20,"Credit Suisse"
992,"01/07/2023","Calum",20,"HSBC"
993,"02/07/2023","Calum",20,"HSBC"
994,"15/02/2023","Calum",20,"HSBC"
995,"20/02/2023","Calum",20,"HSBC"
996,"01/02/2023","Calum",20,"HSBC"
997,"11/06/2023","Calum",20,"Mizuho"
998,"26/07/2023","Calum",20,"HSBC"
999,"23/09/2023","Calum",20,"HSBC"
1000,"21/11/2023","Calum",20,"HSBC"
